location_name,district,latitude,longitude,population,households,vulnerability_index,data_source
Demo Village 01,Demo District 01,12.2,75.1,22952,5101,0.233,SYNTHETIC / DEMO DATA
Demo Village 02,Demo District 01,12.225,75.14,20390,4532,0.299,SYNTHETIC / DEMO DATA
Demo Village 03,Demo District 01,12.25,75.18,13029,2896,0.227,SYNTHETIC / DEMO DATA
Demo Village 04,Demo District 01,12.275,75.22,13850,3078,0.583,SYNTHETIC / DEMO DATA
Demo Village 05,Demo District 01,12.3,75.26,8865,1970,0.653,SYNTHETIC / DEMO DATA
Demo Village 06,Demo District 02,12.47,75.62,12626,2806,0.782,SYNTHETIC / DEMO DATA
Demo Village 07,Demo District 02,12.495,75.66,23064,5126,0.494,SYNTHETIC / DEMO DATA
Demo Village 08,Demo District 02,12.52,75.7,3543,788,0.796,SYNTHETIC / DEMO DATA
Demo Village 09,Demo District 02,12.545,75.74,5753,1279,0.661,SYNTHETIC / DEMO DATA
Demo Village 10,Demo District 02,12.57,75.78,5486,1220,0.803,SYNTHETIC / DEMO DATA
Demo Village 11,Demo District 03,12.74,76.14,13894,3088,0.809,SYNTHETIC / DEMO DATA
Demo Village 12,Demo District 03,12.765,76.18,17574,3906,0.86,SYNTHETIC / DEMO DATA
Demo Village 13,Demo District 03,12.79,76.22,18959,4214,0.489,SYNTHETIC / DEMO DATA
Demo Village 14,Demo District 03,12.815,76.26,18847,4189,0.329,SYNTHETIC / DEMO DATA
Demo Village 15,Demo District 03,12.84,76.3,15879,3529,0.458,SYNTHETIC / DEMO DATA
Demo Village 16,Demo District 04,13.01,76.66,8012,1781,0.359,SYNTHETIC / DEMO DATA
Demo Village 17,Demo District 04,13.035,76.7,7449,1656,0.455,SYNTHETIC / DEMO DATA
Demo Village 18,Demo District 04,13.06,76.74,27669,6149,0.567,SYNTHETIC / DEMO DATA
Demo Village 19,Demo District 04,13.085,76.78,7158,1591,0.193,SYNTHETIC / DEMO DATA
Demo Village 20,Demo District 04,13.11,76.82,23540,5232,0.588,SYNTHETIC / DEMO DATA
Demo Village 21,Demo District 05,13.28,75.1,17017,3782,0.616,SYNTHETIC / DEMO DATA
Demo Village 22,Demo District 05,13.305,75.14,11912,2648,0.609,SYNTHETIC / DEMO DATA
Demo Village 23,Demo District 05,13.33,75.18,10924,2428,0.361,SYNTHETIC / DEMO DATA
Demo Village 24,Demo District 05,13.355,75.22,12929,2874,0.728,SYNTHETIC / DEMO DATA
Demo Village 25,Demo District 05,13.38,75.26,21087,4686,0.564,SYNTHETIC / DEMO DATA
Demo Village 26,Demo District 06,13.55,75.62,15316,3404,0.88,SYNTHETIC / DEMO DATA
Demo Village 27,Demo District 06,13.575,75.66,23951,5323,0.798,SYNTHETIC / DEMO DATA
Demo Village 28,Demo District 06,13.6,75.7,9457,2102,0.317,SYNTHETIC / DEMO DATA
Demo Village 29,Demo District 06,13.625,75.74,10559,2347,0.284,SYNTHETIC / DEMO DATA
Demo Village 30,Demo District 06,13.65,75.78,25225,5606,0.477,SYNTHETIC / DEMO DATA
Demo Village 31,Demo District 07,13.82,76.14,6083,1352,0.69,SYNTHETIC / DEMO DATA
Demo Village 32,Demo District 07,13.845,76.18,11861,2636,0.455,SYNTHETIC / DEMO DATA
Demo Village 33,Demo District 07,13.87,76.22,26115,5804,0.277,SYNTHETIC / DEMO DATA
Demo Village 34,Demo District 07,13.895,76.26,17569,3905,0.608,SYNTHETIC / DEMO DATA
Demo Village 35,Demo District 07,13.92,76.3,5492,1221,0.734,SYNTHETIC / DEMO DATA
Demo Village 36,Demo District 08,14.09,76.66,12397,2755,0.863,SYNTHETIC / DEMO DATA
Demo Village 37,Demo District 08,14.115,76.7,22894,5088,0.358,SYNTHETIC / DEMO DATA
Demo Village 38,Demo District 08,14.14,76.74,7007,1558,0.68,SYNTHETIC / DEMO DATA
Demo Village 39,Demo District 08,14.165,76.78,14464,3215,0.508,SYNTHETIC / DEMO DATA
Demo Village 40,Demo District 08,14.19,76.82,17913,3981,0.172,SYNTHETIC / DEMO DATA
Demo Village 41,Demo District 09,14.36,75.1,23061,5125,0.471,SYNTHETIC / DEMO DATA
Demo Village 42,Demo District 09,14.385,75.14,17411,3870,0.165,SYNTHETIC / DEMO DATA
Demo Village 43,Demo District 09,14.41,75.18,6136,1364,0.505,SYNTHETIC / DEMO DATA
Demo Village 44,Demo District 09,14.435,75.22,20962,4659,0.169,SYNTHETIC / DEMO DATA
Demo Village 45,Demo District 09,14.46,75.26,21674,4817,0.754,SYNTHETIC / DEMO DATA
Demo Village 46,Demo District 10,14.63,75.62,13868,3082,0.627,SYNTHETIC / DEMO DATA
Demo Village 47,Demo District 10,14.655,75.66,10794,2399,0.392,SYNTHETIC / DEMO DATA
Demo Village 48,Demo District 10,14.68,75.7,13626,3028,0.748,SYNTHETIC / DEMO DATA
Demo Village 49,Demo District 10,14.705,75.74,23164,5148,0.684,SYNTHETIC / DEMO DATA
Demo Village 50,Demo District 10,14.73,75.78,13528,3007,0.677,SYNTHETIC / DEMO DATA
