investment_id,location_name,district,category,financial_year,investment_inr,estimated_need_inr,currency,data_source
SYN-INV-0001,Demo Village 01,Demo District 01,Healthcare,2026-27,24995702.19,57380000,INR,SYNTHETIC / DEMO DATA
SYN-INV-0002,Demo Village 01,Demo District 01,Education,2026-27,23501528.11,45910000,INR,SYNTHETIC / DEMO DATA
SYN-INV-0003,Demo Village 01,Demo District 01,Roads,2026-27,25621252.34,43035000.0,INR,SYNTHETIC / DEMO DATA
SYN-INV-0004,Demo Village 01,Demo District 01,Water,2026-27,29351494.11,76515000,INR,SYNTHETIC / DEMO DATA
SYN-INV-0005,Demo Village 01,Demo District 01,Electricity,2026-27,31825761.87,61212000,INR,SYNTHETIC / DEMO DATA
SYN-INV-0006,Demo Village 02,Demo District 01,Healthcare,2026-27,23760844.87,50975000,INR,SYNTHETIC / DEMO DATA
SYN-INV-0007,Demo Village 02,Demo District 01,Education,2026-27,24182984.21,40780000,INR,SYNTHETIC / DEMO DATA
SYN-INV-0008,Demo Village 02,Demo District 01,Roads,2026-27,16685270.29,38235000.0,INR,SYNTHETIC / DEMO DATA
SYN-INV-0009,Demo Village 02,Demo District 01,Water,2026-27,35627464.34,67980000,INR,SYNTHETIC / DEMO DATA
SYN-INV-0010,Demo Village 02,Demo District 01,Electricity,2026-27,27219144.12,54384000,INR,SYNTHETIC / DEMO DATA
SYN-INV-0011,Demo Village 03,Demo District 01,Healthcare,2026-27,9632688.14,32572500,INR,SYNTHETIC / DEMO DATA
SYN-INV-0012,Demo Village 03,Demo District 01,Education,2026-27,6294658.78,26060000,INR,SYNTHETIC / DEMO DATA
SYN-INV-0013,Demo Village 03,Demo District 01,Roads,2026-27,7101650.29,24435000.0,INR,SYNTHETIC / DEMO DATA
SYN-INV-0014,Demo Village 03,Demo District 01,Water,2026-27,16435055.71,43440000,INR,SYNTHETIC / DEMO DATA
SYN-INV-0015,Demo Village 03,Demo District 01,Electricity,2026-27,10867300.08,34752000,INR,SYNTHETIC / DEMO DATA
SYN-INV-0016,Demo Village 04,Demo District 01,Healthcare,2026-27,13485843.02,34625000,INR,SYNTHETIC / DEMO DATA
SYN-INV-0017,Demo Village 04,Demo District 01,Education,2026-27,11485442.51,27700000,INR,SYNTHETIC / DEMO DATA
SYN-INV-0018,Demo Village 04,Demo District 01,Roads,2026-27,10567773.53,25965000.0,INR,SYNTHETIC / DEMO DATA
SYN-INV-0019,Demo Village 04,Demo District 01,Water,2026-27,23748053.95,46170000,INR,SYNTHETIC / DEMO DATA
SYN-INV-0020,Demo Village 04,Demo District 01,Electricity,2026-27,17930957.67,36936000,INR,SYNTHETIC / DEMO DATA
SYN-INV-0021,Demo Village 05,Demo District 01,Healthcare,2026-27,10883936.57,22162500,INR,SYNTHETIC / DEMO DATA
SYN-INV-0022,Demo Village 05,Demo District 01,Education,2026-27,10298098.49,17730000,INR,SYNTHETIC / DEMO DATA
SYN-INV-0023,Demo Village 05,Demo District 01,Roads,2026-27,7862187.67,16620000.0,INR,SYNTHETIC / DEMO DATA
SYN-INV-0024,Demo Village 05,Demo District 01,Water,2026-27,16648115.79,29550000,INR,SYNTHETIC / DEMO DATA
SYN-INV-0025,Demo Village 05,Demo District 01,Electricity,2026-27,12401782.65,23640000,INR,SYNTHETIC / DEMO DATA
SYN-INV-0026,Demo Village 06,Demo District 02,Healthcare,2026-27,13548668.87,31565000,INR,SYNTHETIC / DEMO DATA
SYN-INV-0027,Demo Village 06,Demo District 02,Education,2026-27,12482537.77,25260000,INR,SYNTHETIC / DEMO DATA
SYN-INV-0028,Demo Village 06,Demo District 02,Roads,2026-27,14248819.93,23670000.0,INR,SYNTHETIC / DEMO DATA
SYN-INV-0029,Demo Village 06,Demo District 02,Water,2026-27,26472674.34,42090000,INR,SYNTHETIC / DEMO DATA
SYN-INV-0030,Demo Village 06,Demo District 02,Electricity,2026-27,20153565.41,33672000,INR,SYNTHETIC / DEMO DATA
SYN-INV-0031,Demo Village 07,Demo District 02,Healthcare,2026-27,12866153.13,57660000,INR,SYNTHETIC / DEMO DATA
SYN-INV-0032,Demo Village 07,Demo District 02,Education,2026-27,10565035.27,46130000,INR,SYNTHETIC / DEMO DATA
SYN-INV-0033,Demo Village 07,Demo District 02,Roads,2026-27,15580361.01,43245000.0,INR,SYNTHETIC / DEMO DATA
SYN-INV-0034,Demo Village 07,Demo District 02,Water,2026-27,19302325.38,76890000,INR,SYNTHETIC / DEMO DATA
SYN-INV-0035,Demo Village 07,Demo District 02,Electricity,2026-27,14644383.11,61512000,INR,SYNTHETIC / DEMO DATA
SYN-INV-0036,Demo Village 08,Demo District 02,Healthcare,2026-27,1230357.51,8857500,INR,SYNTHETIC / DEMO DATA
SYN-INV-0037,Demo Village 08,Demo District 02,Education,2026-27,1593086.59,7090000,INR,SYNTHETIC / DEMO DATA
SYN-INV-0038,Demo Village 08,Demo District 02,Roads,2026-27,1541013.97,6645000.0,INR,SYNTHETIC / DEMO DATA
SYN-INV-0039,Demo Village 08,Demo District 02,Water,2026-27,1833033.05,11820000,INR,SYNTHETIC / DEMO DATA
SYN-INV-0040,Demo Village 08,Demo District 02,Electricity,2026-27,3209171.95,9456000,INR,SYNTHETIC / DEMO DATA
SYN-INV-0041,Demo Village 09,Demo District 02,Healthcare,2026-27,5848443.8,14382500,INR,SYNTHETIC / DEMO DATA
SYN-INV-0042,Demo Village 09,Demo District 02,Education,2026-27,3918213.82,11510000,INR,SYNTHETIC / DEMO DATA
SYN-INV-0043,Demo Village 09,Demo District 02,Roads,2026-27,5440350.91,10785000.0,INR,SYNTHETIC / DEMO DATA
SYN-INV-0044,Demo Village 09,Demo District 02,Water,2026-27,9307577.62,19185000,INR,SYNTHETIC / DEMO DATA
SYN-INV-0045,Demo Village 09,Demo District 02,Electricity,2026-27,5970686.75,15348000,INR,SYNTHETIC / DEMO DATA
SYN-INV-0046,Demo Village 10,Demo District 02,Healthcare,2026-27,4745369.34,13715000,INR,SYNTHETIC / DEMO DATA
SYN-INV-0047,Demo Village 10,Demo District 02,Education,2026-27,2602116.12,10980000,INR,SYNTHETIC / DEMO DATA
SYN-INV-0048,Demo Village 10,Demo District 02,Roads,2026-27,3506351.53,10290000.0,INR,SYNTHETIC / DEMO DATA
SYN-INV-0049,Demo Village 10,Demo District 02,Water,2026-27,4556269.99,18300000,INR,SYNTHETIC / DEMO DATA
SYN-INV-0050,Demo Village 10,Demo District 02,Electricity,2026-27,3082867.0,14640000,INR,SYNTHETIC / DEMO DATA
SYN-INV-0051,Demo Village 11,Demo District 03,Healthcare,2026-27,16597931.65,34735000,INR,SYNTHETIC / DEMO DATA
SYN-INV-0052,Demo Village 11,Demo District 03,Education,2026-27,23028885.29,27790000,INR,SYNTHETIC / DEMO DATA
SYN-INV-0053,Demo Village 11,Demo District 03,Roads,2026-27,13465917.54,26055000.0,INR,SYNTHETIC / DEMO DATA
SYN-INV-0054,Demo Village 11,Demo District 03,Water,2026-27,26217062.54,46320000,INR,SYNTHETIC / DEMO DATA
SYN-INV-0055,Demo Village 11,Demo District 03,Electricity,2026-27,21775931.48,37056000,INR,SYNTHETIC / DEMO DATA
SYN-INV-0056,Demo Village 12,Demo District 03,Healthcare,2026-27,10313321.32,43935000,INR,SYNTHETIC / DEMO DATA
SYN-INV-0057,Demo Village 12,Demo District 03,Education,2026-27,13486544.7,35150000,INR,SYNTHETIC / DEMO DATA
SYN-INV-0058,Demo Village 12,Demo District 03,Roads,2026-27,9896390.44,32955000.0,INR,SYNTHETIC / DEMO DATA
SYN-INV-0059,Demo Village 12,Demo District 03,Water,2026-27,15230466.54,58590000,INR,SYNTHETIC / DEMO DATA
SYN-INV-0060,Demo Village 12,Demo District 03,Electricity,2026-27,11620797.04,46872000,INR,SYNTHETIC / DEMO DATA
SYN-INV-0061,Demo Village 13,Demo District 03,Healthcare,2026-27,6381291.69,47397500,INR,SYNTHETIC / DEMO DATA
SYN-INV-0062,Demo Village 13,Demo District 03,Education,2026-27,11035729.17,37920000,INR,SYNTHETIC / DEMO DATA
SYN-INV-0063,Demo Village 13,Demo District 03,Roads,2026-27,5766095.89,35550000.0,INR,SYNTHETIC / DEMO DATA
SYN-INV-0064,Demo Village 13,Demo District 03,Water,2026-27,8625068.22,63210000,INR,SYNTHETIC / DEMO DATA
SYN-INV-0065,Demo Village 13,Demo District 03,Electricity,2026-27,7400352.83,50568000,INR,SYNTHETIC / DEMO DATA
SYN-INV-0066,Demo Village 14,Demo District 03,Healthcare,2026-27,18393238.21,47117500,INR,SYNTHETIC / DEMO DATA
SYN-INV-0067,Demo Village 14,Demo District 03,Education,2026-27,24225456.59,37700000,INR,SYNTHETIC / DEMO DATA
SYN-INV-0068,Demo Village 14,Demo District 03,Roads,2026-27,20135899.78,35340000.0,INR,SYNTHETIC / DEMO DATA
SYN-INV-0069,Demo Village 14,Demo District 03,Water,2026-27,33056681.1,62835000,INR,SYNTHETIC / DEMO DATA
SYN-INV-0070,Demo Village 14,Demo District 03,Electricity,2026-27,20794383.29,50268000,INR,SYNTHETIC / DEMO DATA
SYN-INV-0071,Demo Village 15,Demo District 03,Healthcare,2026-27,22305128.17,39697500,INR,SYNTHETIC / DEMO DATA
SYN-INV-0072,Demo Village 15,Demo District 03,Education,2026-27,17862819.52,31760000,INR,SYNTHETIC / DEMO DATA
SYN-INV-0073,Demo Village 15,Demo District 03,Roads,2026-27,22962422.02,29775000.0,INR,SYNTHETIC / DEMO DATA
SYN-INV-0074,Demo Village 15,Demo District 03,Water,2026-27,25490853.82,52935000,INR,SYNTHETIC / DEMO DATA
SYN-INV-0075,Demo Village 15,Demo District 03,Electricity,2026-27,23702532.4,42348000,INR,SYNTHETIC / DEMO DATA
SYN-INV-0076,Demo Village 16,Demo District 04,Healthcare,2026-27,7281820.47,20030000,INR,SYNTHETIC / DEMO DATA
SYN-INV-0077,Demo Village 16,Demo District 04,Education,2026-27,5824300.94,16030000,INR,SYNTHETIC / DEMO DATA
SYN-INV-0078,Demo Village 16,Demo District 04,Roads,2026-27,2891188.4,15030000.0,INR,SYNTHETIC / DEMO DATA
SYN-INV-0079,Demo Village 16,Demo District 04,Water,2026-27,11011376.6,26715000,INR,SYNTHETIC / DEMO DATA
SYN-INV-0080,Demo Village 16,Demo District 04,Electricity,2026-27,8995105.36,21372000,INR,SYNTHETIC / DEMO DATA
SYN-INV-0081,Demo Village 17,Demo District 04,Healthcare,2026-27,10637832.98,18622500,INR,SYNTHETIC / DEMO DATA
SYN-INV-0082,Demo Village 17,Demo District 04,Education,2026-27,3978774.48,14900000,INR,SYNTHETIC / DEMO DATA
SYN-INV-0083,Demo Village 17,Demo District 04,Roads,2026-27,6196236.45,13965000.0,INR,SYNTHETIC / DEMO DATA
SYN-INV-0084,Demo Village 17,Demo District 04,Water,2026-27,10900108.31,24840000,INR,SYNTHETIC / DEMO DATA
SYN-INV-0085,Demo Village 17,Demo District 04,Electricity,2026-27,9844850.37,19872000,INR,SYNTHETIC / DEMO DATA
SYN-INV-0086,Demo Village 18,Demo District 04,Healthcare,2026-27,29917346.22,69172500,INR,SYNTHETIC / DEMO DATA
SYN-INV-0087,Demo Village 18,Demo District 04,Education,2026-27,37810352.43,55340000,INR,SYNTHETIC / DEMO DATA
SYN-INV-0088,Demo Village 18,Demo District 04,Roads,2026-27,31823957.85,51885000.0,INR,SYNTHETIC / DEMO DATA
SYN-INV-0089,Demo Village 18,Demo District 04,Water,2026-27,42317818.02,92235000,INR,SYNTHETIC / DEMO DATA
SYN-INV-0090,Demo Village 18,Demo District 04,Electricity,2026-27,46095823.82,73788000,INR,SYNTHETIC / DEMO DATA
SYN-INV-0091,Demo Village 19,Demo District 04,Healthcare,2026-27,7635039.44,17895000,INR,SYNTHETIC / DEMO DATA
SYN-INV-0092,Demo Village 19,Demo District 04,Education,2026-27,5220538.4,14320000,INR,SYNTHETIC / DEMO DATA
SYN-INV-0093,Demo Village 19,Demo District 04,Roads,2026-27,6284351.81,13425000.0,INR,SYNTHETIC / DEMO DATA
SYN-INV-0094,Demo Village 19,Demo District 04,Water,2026-27,10846233.02,23865000,INR,SYNTHETIC / DEMO DATA
SYN-INV-0095,Demo Village 19,Demo District 04,Electricity,2026-27,5058936.88,19092000,INR,SYNTHETIC / DEMO DATA
SYN-INV-0096,Demo Village 20,Demo District 04,Healthcare,2026-27,28149927.71,58850000,INR,SYNTHETIC / DEMO DATA
SYN-INV-0097,Demo Village 20,Demo District 04,Education,2026-27,20619849.74,47080000,INR,SYNTHETIC / DEMO DATA
SYN-INV-0098,Demo Village 20,Demo District 04,Roads,2026-27,19201716.05,44145000.0,INR,SYNTHETIC / DEMO DATA
SYN-INV-0099,Demo Village 20,Demo District 04,Water,2026-27,28180865.2,78480000,INR,SYNTHETIC / DEMO DATA
SYN-INV-0100,Demo Village 20,Demo District 04,Electricity,2026-27,26049831.72,62784000,INR,SYNTHETIC / DEMO DATA
SYN-INV-0101,Demo Village 21,Demo District 05,Healthcare,2026-27,15608741.9,42542500,INR,SYNTHETIC / DEMO DATA
SYN-INV-0102,Demo Village 21,Demo District 05,Education,2026-27,13476992.96,34040000,INR,SYNTHETIC / DEMO DATA
SYN-INV-0103,Demo Village 21,Demo District 05,Roads,2026-27,11274938.46,31905000.0,INR,SYNTHETIC / DEMO DATA
SYN-INV-0104,Demo Village 21,Demo District 05,Water,2026-27,20675864.13,56730000,INR,SYNTHETIC / DEMO DATA
SYN-INV-0105,Demo Village 21,Demo District 05,Electricity,2026-27,20429127.82,45384000,INR,SYNTHETIC / DEMO DATA
SYN-INV-0106,Demo Village 22,Demo District 05,Healthcare,2026-27,18195570.43,29780000,INR,SYNTHETIC / DEMO DATA
SYN-INV-0107,Demo Village 22,Demo District 05,Education,2026-27,17100865.94,23830000,INR,SYNTHETIC / DEMO DATA
SYN-INV-0108,Demo Village 22,Demo District 05,Roads,2026-27,19548883.78,22335000.0,INR,SYNTHETIC / DEMO DATA
SYN-INV-0109,Demo Village 22,Demo District 05,Water,2026-27,21230254.79,39720000,INR,SYNTHETIC / DEMO DATA
SYN-INV-0110,Demo Village 22,Demo District 05,Electricity,2026-27,20030434.39,31776000,INR,SYNTHETIC / DEMO DATA
SYN-INV-0111,Demo Village 23,Demo District 05,Healthcare,2026-27,6099439.45,27310000,INR,SYNTHETIC / DEMO DATA
SYN-INV-0112,Demo Village 23,Demo District 05,Education,2026-27,7248703.06,21850000,INR,SYNTHETIC / DEMO DATA
SYN-INV-0113,Demo Village 23,Demo District 05,Roads,2026-27,4406527.13,20475000.0,INR,SYNTHETIC / DEMO DATA
SYN-INV-0114,Demo Village 23,Demo District 05,Water,2026-27,5300837.29,36420000,INR,SYNTHETIC / DEMO DATA
SYN-INV-0115,Demo Village 23,Demo District 05,Electricity,2026-27,7860452.09,29136000,INR,SYNTHETIC / DEMO DATA
SYN-INV-0116,Demo Village 24,Demo District 05,Healthcare,2026-27,15689506.88,32322500,INR,SYNTHETIC / DEMO DATA
SYN-INV-0117,Demo Village 24,Demo District 05,Education,2026-27,12948484.12,25860000,INR,SYNTHETIC / DEMO DATA
SYN-INV-0118,Demo Village 24,Demo District 05,Roads,2026-27,7837521.41,24240000.0,INR,SYNTHETIC / DEMO DATA
SYN-INV-0119,Demo Village 24,Demo District 05,Water,2026-27,29496767.26,43110000,INR,SYNTHETIC / DEMO DATA
SYN-INV-0120,Demo Village 24,Demo District 05,Electricity,2026-27,19920397.23,34488000,INR,SYNTHETIC / DEMO DATA
SYN-INV-0121,Demo Village 25,Demo District 05,Healthcare,2026-27,13406742.97,52717500,INR,SYNTHETIC / DEMO DATA
SYN-INV-0122,Demo Village 25,Demo District 05,Education,2026-27,23921523.95,42180000,INR,SYNTHETIC / DEMO DATA
SYN-INV-0123,Demo Village 25,Demo District 05,Roads,2026-27,10010979.34,39540000.0,INR,SYNTHETIC / DEMO DATA
SYN-INV-0124,Demo Village 25,Demo District 05,Water,2026-27,31486982.16,70290000,INR,SYNTHETIC / DEMO DATA
SYN-INV-0125,Demo Village 25,Demo District 05,Electricity,2026-27,19706612.01,56232000,INR,SYNTHETIC / DEMO DATA
SYN-INV-0126,Demo Village 26,Demo District 06,Healthcare,2026-27,23186147.17,38290000,INR,SYNTHETIC / DEMO DATA
SYN-INV-0127,Demo Village 26,Demo District 06,Education,2026-27,16657239.13,30640000,INR,SYNTHETIC / DEMO DATA
SYN-INV-0128,Demo Village 26,Demo District 06,Roads,2026-27,13665717.76,28710000.0,INR,SYNTHETIC / DEMO DATA
SYN-INV-0129,Demo Village 26,Demo District 06,Water,2026-27,29163824.44,51060000,INR,SYNTHETIC / DEMO DATA
SYN-INV-0130,Demo Village 26,Demo District 06,Electricity,2026-27,25176852.75,40848000,INR,SYNTHETIC / DEMO DATA
SYN-INV-0131,Demo Village 27,Demo District 06,Healthcare,2026-27,36513658.72,59877500,INR,SYNTHETIC / DEMO DATA
SYN-INV-0132,Demo Village 27,Demo District 06,Education,2026-27,27974809.33,47910000,INR,SYNTHETIC / DEMO DATA
SYN-INV-0133,Demo Village 27,Demo District 06,Roads,2026-27,27863521.64,44910000.0,INR,SYNTHETIC / DEMO DATA
SYN-INV-0134,Demo Village 27,Demo District 06,Water,2026-27,53677519.58,79845000,INR,SYNTHETIC / DEMO DATA
SYN-INV-0135,Demo Village 27,Demo District 06,Electricity,2026-27,39710701.04,63876000,INR,SYNTHETIC / DEMO DATA
SYN-INV-0136,Demo Village 28,Demo District 06,Healthcare,2026-27,10658817.38,23642500,INR,SYNTHETIC / DEMO DATA
SYN-INV-0137,Demo Village 28,Demo District 06,Education,2026-27,8608214.9,18920000,INR,SYNTHETIC / DEMO DATA
SYN-INV-0138,Demo Village 28,Demo District 06,Roads,2026-27,8545665.73,17730000.0,INR,SYNTHETIC / DEMO DATA
SYN-INV-0139,Demo Village 28,Demo District 06,Water,2026-27,19900401.19,31530000,INR,SYNTHETIC / DEMO DATA
SYN-INV-0140,Demo Village 28,Demo District 06,Electricity,2026-27,9869189.63,25224000,INR,SYNTHETIC / DEMO DATA
SYN-INV-0141,Demo Village 29,Demo District 06,Healthcare,2026-27,14441231.07,26397500,INR,SYNTHETIC / DEMO DATA
SYN-INV-0142,Demo Village 29,Demo District 06,Education,2026-27,15634090.81,21120000,INR,SYNTHETIC / DEMO DATA
SYN-INV-0143,Demo Village 29,Demo District 06,Roads,2026-27,13440303.31,19800000.0,INR,SYNTHETIC / DEMO DATA
SYN-INV-0144,Demo Village 29,Demo District 06,Water,2026-27,23591385.91,35205000,INR,SYNTHETIC / DEMO DATA
SYN-INV-0145,Demo Village 29,Demo District 06,Electricity,2026-27,18308113.89,28164000,INR,SYNTHETIC / DEMO DATA
SYN-INV-0146,Demo Village 30,Demo District 06,Healthcare,2026-27,34112837.3,63062500,INR,SYNTHETIC / DEMO DATA
SYN-INV-0147,Demo Village 30,Demo District 06,Education,2026-27,29533607.7,50450000,INR,SYNTHETIC / DEMO DATA
SYN-INV-0148,Demo Village 30,Demo District 06,Roads,2026-27,16552557.26,47295000.0,INR,SYNTHETIC / DEMO DATA
SYN-INV-0149,Demo Village 30,Demo District 06,Water,2026-27,52542629.17,84090000,INR,SYNTHETIC / DEMO DATA
SYN-INV-0150,Demo Village 30,Demo District 06,Electricity,2026-27,32948906.34,67272000,INR,SYNTHETIC / DEMO DATA
SYN-INV-0151,Demo Village 31,Demo District 07,Healthcare,2026-27,3736203.21,15207500,INR,SYNTHETIC / DEMO DATA
SYN-INV-0152,Demo Village 31,Demo District 07,Education,2026-27,3110174.99,12170000,INR,SYNTHETIC / DEMO DATA
SYN-INV-0153,Demo Village 31,Demo District 07,Roads,2026-27,2330791.93,11400000.0,INR,SYNTHETIC / DEMO DATA
SYN-INV-0154,Demo Village 31,Demo District 07,Water,2026-27,8778590.67,20280000,INR,SYNTHETIC / DEMO DATA
SYN-INV-0155,Demo Village 31,Demo District 07,Electricity,2026-27,6717680.24,16224000,INR,SYNTHETIC / DEMO DATA
SYN-INV-0156,Demo Village 32,Demo District 07,Healthcare,2026-27,15148651.3,29652500,INR,SYNTHETIC / DEMO DATA
SYN-INV-0157,Demo Village 32,Demo District 07,Education,2026-27,16999426.7,23730000,INR,SYNTHETIC / DEMO DATA
SYN-INV-0158,Demo Village 32,Demo District 07,Roads,2026-27,12567675.69,22245000.0,INR,SYNTHETIC / DEMO DATA
SYN-INV-0159,Demo Village 32,Demo District 07,Water,2026-27,26300473.78,39540000,INR,SYNTHETIC / DEMO DATA
SYN-INV-0160,Demo Village 32,Demo District 07,Electricity,2026-27,25616836.19,31632000,INR,SYNTHETIC / DEMO DATA
SYN-INV-0161,Demo Village 33,Demo District 07,Healthcare,2026-27,11966506.65,65287500,INR,SYNTHETIC / DEMO DATA
SYN-INV-0162,Demo Village 33,Demo District 07,Education,2026-27,7677996.24,52230000,INR,SYNTHETIC / DEMO DATA
SYN-INV-0163,Demo Village 33,Demo District 07,Roads,2026-27,12050458.73,48960000.0,INR,SYNTHETIC / DEMO DATA
SYN-INV-0164,Demo Village 33,Demo District 07,Water,2026-27,8093784.89,87060000,INR,SYNTHETIC / DEMO DATA
SYN-INV-0165,Demo Village 33,Demo District 07,Electricity,2026-27,4030963.04,69648000,INR,SYNTHETIC / DEMO DATA
SYN-INV-0166,Demo Village 34,Demo District 07,Healthcare,2026-27,28680831.39,43922500,INR,SYNTHETIC / DEMO DATA
SYN-INV-0167,Demo Village 34,Demo District 07,Education,2026-27,22782014.65,35140000,INR,SYNTHETIC / DEMO DATA
SYN-INV-0168,Demo Village 34,Demo District 07,Roads,2026-27,17538231.0,32940000.0,INR,SYNTHETIC / DEMO DATA
SYN-INV-0169,Demo Village 34,Demo District 07,Water,2026-27,31129357.43,58575000,INR,SYNTHETIC / DEMO DATA
SYN-INV-0170,Demo Village 34,Demo District 07,Electricity,2026-27,35923501.56,46860000,INR,SYNTHETIC / DEMO DATA
SYN-INV-0171,Demo Village 35,Demo District 07,Healthcare,2026-27,4779628.71,13730000,INR,SYNTHETIC / DEMO DATA
SYN-INV-0172,Demo Village 35,Demo District 07,Education,2026-27,2725776.95,10990000,INR,SYNTHETIC / DEMO DATA
SYN-INV-0173,Demo Village 35,Demo District 07,Roads,2026-27,3107866.12,10305000.0,INR,SYNTHETIC / DEMO DATA
SYN-INV-0174,Demo Village 35,Demo District 07,Water,2026-27,2951294.25,18315000,INR,SYNTHETIC / DEMO DATA
SYN-INV-0175,Demo Village 35,Demo District 07,Electricity,2026-27,3875373.58,14652000,INR,SYNTHETIC / DEMO DATA
SYN-INV-0176,Demo Village 36,Demo District 08,Healthcare,2026-27,22871304.56,30992500,INR,SYNTHETIC / DEMO DATA
SYN-INV-0177,Demo Village 36,Demo District 08,Education,2026-27,18285600.92,24800000,INR,SYNTHETIC / DEMO DATA
SYN-INV-0178,Demo Village 36,Demo District 08,Roads,2026-27,17800174.66,23250000.0,INR,SYNTHETIC / DEMO DATA
SYN-INV-0179,Demo Village 36,Demo District 08,Water,2026-27,29198520.84,41325000,INR,SYNTHETIC / DEMO DATA
SYN-INV-0180,Demo Village 36,Demo District 08,Electricity,2026-27,17867904.86,33060000,INR,SYNTHETIC / DEMO DATA
SYN-INV-0181,Demo Village 37,Demo District 08,Healthcare,2026-27,30100446.84,57235000,INR,SYNTHETIC / DEMO DATA
SYN-INV-0182,Demo Village 37,Demo District 08,Education,2026-27,28297929.52,45790000,INR,SYNTHETIC / DEMO DATA
SYN-INV-0183,Demo Village 37,Demo District 08,Roads,2026-27,21065585.21,42930000.0,INR,SYNTHETIC / DEMO DATA
SYN-INV-0184,Demo Village 37,Demo District 08,Water,2026-27,43794870.4,76320000,INR,SYNTHETIC / DEMO DATA
SYN-INV-0185,Demo Village 37,Demo District 08,Electricity,2026-27,29352695.0,61056000,INR,SYNTHETIC / DEMO DATA
SYN-INV-0186,Demo Village 38,Demo District 08,Healthcare,2026-27,2426876.17,17517500,INR,SYNTHETIC / DEMO DATA
SYN-INV-0187,Demo Village 38,Demo District 08,Education,2026-27,1726090.28,14020000,INR,SYNTHETIC / DEMO DATA
SYN-INV-0188,Demo Village 38,Demo District 08,Roads,2026-27,2109369.43,13140000.0,INR,SYNTHETIC / DEMO DATA
SYN-INV-0189,Demo Village 38,Demo District 08,Water,2026-27,4482834.67,23370000,INR,SYNTHETIC / DEMO DATA
SYN-INV-0190,Demo Village 38,Demo District 08,Electricity,2026-27,5019317.74,18696000,INR,SYNTHETIC / DEMO DATA
SYN-INV-0191,Demo Village 39,Demo District 08,Healthcare,2026-27,22094473.03,36160000,INR,SYNTHETIC / DEMO DATA
SYN-INV-0192,Demo Village 39,Demo District 08,Education,2026-27,25276055.46,28930000,INR,SYNTHETIC / DEMO DATA
SYN-INV-0193,Demo Village 39,Demo District 08,Roads,2026-27,20501456.56,27120000.0,INR,SYNTHETIC / DEMO DATA
SYN-INV-0194,Demo Village 39,Demo District 08,Water,2026-27,41986303.03,48225000,INR,SYNTHETIC / DEMO DATA
SYN-INV-0195,Demo Village 39,Demo District 08,Electricity,2026-27,24100094.48,38580000,INR,SYNTHETIC / DEMO DATA
SYN-INV-0196,Demo Village 40,Demo District 08,Healthcare,2026-27,15744940.34,44782500,INR,SYNTHETIC / DEMO DATA
SYN-INV-0197,Demo Village 40,Demo District 08,Education,2026-27,8539644.05,35830000,INR,SYNTHETIC / DEMO DATA
SYN-INV-0198,Demo Village 40,Demo District 08,Roads,2026-27,8159774.39,33585000.0,INR,SYNTHETIC / DEMO DATA
SYN-INV-0199,Demo Village 40,Demo District 08,Water,2026-27,11935673.34,59715000,INR,SYNTHETIC / DEMO DATA
SYN-INV-0200,Demo Village 40,Demo District 08,Electricity,2026-27,13249370.72,47772000,INR,SYNTHETIC / DEMO DATA
SYN-INV-0201,Demo Village 41,Demo District 09,Healthcare,2026-27,29577087.56,57652500,INR,SYNTHETIC / DEMO DATA
SYN-INV-0202,Demo Village 41,Demo District 09,Education,2026-27,27147749.61,46130000,INR,SYNTHETIC / DEMO DATA
SYN-INV-0203,Demo Village 41,Demo District 09,Roads,2026-27,29695826.95,43245000.0,INR,SYNTHETIC / DEMO DATA
SYN-INV-0204,Demo Village 41,Demo District 09,Water,2026-27,52751279.22,76875000,INR,SYNTHETIC / DEMO DATA
SYN-INV-0205,Demo Village 41,Demo District 09,Electricity,2026-27,43007855.09,61500000,INR,SYNTHETIC / DEMO DATA
SYN-INV-0206,Demo Village 42,Demo District 09,Healthcare,2026-27,23153007.52,43527500,INR,SYNTHETIC / DEMO DATA
SYN-INV-0207,Demo Village 42,Demo District 09,Education,2026-27,18469472.89,34830000,INR,SYNTHETIC / DEMO DATA
SYN-INV-0208,Demo Village 42,Demo District 09,Roads,2026-27,17163464.57,32640000.0,INR,SYNTHETIC / DEMO DATA
SYN-INV-0209,Demo Village 42,Demo District 09,Water,2026-27,28408259.92,58050000,INR,SYNTHETIC / DEMO DATA
SYN-INV-0210,Demo Village 42,Demo District 09,Electricity,2026-27,13268601.15,46440000,INR,SYNTHETIC / DEMO DATA
SYN-INV-0211,Demo Village 43,Demo District 09,Healthcare,2026-27,4482545.5,15340000,INR,SYNTHETIC / DEMO DATA
SYN-INV-0212,Demo Village 43,Demo District 09,Education,2026-27,1519457.17,12280000,INR,SYNTHETIC / DEMO DATA
SYN-INV-0213,Demo Village 43,Demo District 09,Roads,2026-27,2890872.39,11505000.0,INR,SYNTHETIC / DEMO DATA
SYN-INV-0214,Demo Village 43,Demo District 09,Water,2026-27,5445407.49,20460000,INR,SYNTHETIC / DEMO DATA
SYN-INV-0215,Demo Village 43,Demo District 09,Electricity,2026-27,1641529.86,16368000,INR,SYNTHETIC / DEMO DATA
SYN-INV-0216,Demo Village 44,Demo District 09,Healthcare,2026-27,21477026.52,52405000,INR,SYNTHETIC / DEMO DATA
SYN-INV-0217,Demo Village 44,Demo District 09,Education,2026-27,12794485.18,41930000,INR,SYNTHETIC / DEMO DATA
SYN-INV-0218,Demo Village 44,Demo District 09,Roads,2026-27,8649794.09,39300000.0,INR,SYNTHETIC / DEMO DATA
SYN-INV-0219,Demo Village 44,Demo District 09,Water,2026-27,20077710.93,69885000,INR,SYNTHETIC / DEMO DATA
SYN-INV-0220,Demo Village 44,Demo District 09,Electricity,2026-27,23565809.56,55908000,INR,SYNTHETIC / DEMO DATA
SYN-INV-0221,Demo Village 45,Demo District 09,Healthcare,2026-27,27524192.41,54185000,INR,SYNTHETIC / DEMO DATA
SYN-INV-0222,Demo Village 45,Demo District 09,Education,2026-27,27842681.68,43350000,INR,SYNTHETIC / DEMO DATA
SYN-INV-0223,Demo Village 45,Demo District 09,Roads,2026-27,21196603.91,40635000.0,INR,SYNTHETIC / DEMO DATA
SYN-INV-0224,Demo Village 45,Demo District 09,Water,2026-27,33696859.94,72255000,INR,SYNTHETIC / DEMO DATA
SYN-INV-0225,Demo Village 45,Demo District 09,Electricity,2026-27,33557681.97,57804000,INR,SYNTHETIC / DEMO DATA
SYN-INV-0226,Demo Village 46,Demo District 10,Healthcare,2026-27,22564716.56,34670000,INR,SYNTHETIC / DEMO DATA
SYN-INV-0227,Demo Village 46,Demo District 10,Education,2026-27,21938670.36,27740000,INR,SYNTHETIC / DEMO DATA
SYN-INV-0228,Demo Village 46,Demo District 10,Roads,2026-27,16308328.55,26010000.0,INR,SYNTHETIC / DEMO DATA
SYN-INV-0229,Demo Village 46,Demo District 10,Water,2026-27,28778615.81,46230000,INR,SYNTHETIC / DEMO DATA
SYN-INV-0230,Demo Village 46,Demo District 10,Electricity,2026-27,24183683.62,36984000,INR,SYNTHETIC / DEMO DATA
SYN-INV-0231,Demo Village 47,Demo District 10,Healthcare,2026-27,9196473.89,26985000,INR,SYNTHETIC / DEMO DATA
SYN-INV-0232,Demo Village 47,Demo District 10,Education,2026-27,6034132.14,21590000,INR,SYNTHETIC / DEMO DATA
SYN-INV-0233,Demo Village 47,Demo District 10,Roads,2026-27,6110503.31,20235000.0,INR,SYNTHETIC / DEMO DATA
SYN-INV-0234,Demo Village 47,Demo District 10,Water,2026-27,8188222.2,35985000,INR,SYNTHETIC / DEMO DATA
SYN-INV-0235,Demo Village 47,Demo District 10,Electricity,2026-27,6455669.4,28788000,INR,SYNTHETIC / DEMO DATA
SYN-INV-0236,Demo Village 48,Demo District 10,Healthcare,2026-27,15221112.12,34065000,INR,SYNTHETIC / DEMO DATA
SYN-INV-0237,Demo Village 48,Demo District 10,Education,2026-27,6019479.37,27260000,INR,SYNTHETIC / DEMO DATA
SYN-INV-0238,Demo Village 48,Demo District 10,Roads,2026-27,9314940.5,25545000.0,INR,SYNTHETIC / DEMO DATA
SYN-INV-0239,Demo Village 48,Demo District 10,Water,2026-27,17050955.39,45420000,INR,SYNTHETIC / DEMO DATA
SYN-INV-0240,Demo Village 48,Demo District 10,Electricity,2026-27,15034570.96,36336000,INR,SYNTHETIC / DEMO DATA
SYN-INV-0241,Demo Village 49,Demo District 10,Healthcare,2026-27,14591852.16,57910000,INR,SYNTHETIC / DEMO DATA
SYN-INV-0242,Demo Village 49,Demo District 10,Education,2026-27,15322877.89,46330000,INR,SYNTHETIC / DEMO DATA
SYN-INV-0243,Demo Village 49,Demo District 10,Roads,2026-27,17683545.25,43425000.0,INR,SYNTHETIC / DEMO DATA
SYN-INV-0244,Demo Village 49,Demo District 10,Water,2026-27,29204604.23,77220000,INR,SYNTHETIC / DEMO DATA
SYN-INV-0245,Demo Village 49,Demo District 10,Electricity,2026-27,31981256.33,61776000,INR,SYNTHETIC / DEMO DATA
SYN-INV-0246,Demo Village 50,Demo District 10,Healthcare,2026-27,6465714.32,33820000,INR,SYNTHETIC / DEMO DATA
SYN-INV-0247,Demo Village 50,Demo District 10,Education,2026-27,4843347.37,27060000,INR,SYNTHETIC / DEMO DATA
SYN-INV-0248,Demo Village 50,Demo District 10,Roads,2026-27,8111323.85,25365000.0,INR,SYNTHETIC / DEMO DATA
SYN-INV-0249,Demo Village 50,Demo District 10,Water,2026-27,8343147.82,45105000,INR,SYNTHETIC / DEMO DATA
SYN-INV-0250,Demo Village 50,Demo District 10,Electricity,2026-27,10905822.52,36084000,INR,SYNTHETIC / DEMO DATA
